id,schedule_id,order_id,game_id
1,1,1,6
2,1,2,7
3,1,3,8
4,1,4,9
5,1,5,10
6,1,6,11
7,1,7,16
8,1,8,17
9,1,9,18
10,1,10,19
11,1,11,22
12,1,12,23
13,2,1,25
14,3,1,6
15,3,2,7
16,3,3,8
17,3,4,9
18,3,5,14
19,3,6,15
20,3,7,16
21,3,8,17
22,3,9,20
23,3,10,21
24,4,1,23
25,5,1,1
26,5,2,2
27,5,3,3
28,5,4,4
29,6,1,1
30,6,2,2
31,6,3,3
32,6,4,4
33,6,5,5
34,6,6,6
35,7,1,11
36,8,1,12
